{
  "name": "shootergenericsystem",
  "title": "Shooter Generic System",
  "description": "The Shooter Generic System system for FoundryVTT!",
  "version": "0.0.3",
  "minimumCoreVersion": "0.5.3",
  "compatibleCoreVersion": "0.5.3",
  "templateVersion": 2,
  "author": "Ian Wheelbuckets",
  "esmodules": ["module/shootergenericsystem.js"],
  "styles": ["css/shootergenericsystem.css"],
  "scripts": [],
  "packs": [],
  "languages": [
    {
      "lang": "en",
      "name": "English",
      "path": "lang/en.json"
    }
  ],
  "gridDistance": 5,
  "gridUnits": "m",
  "primaryTokenAttribute": "health",
  "secondaryTokenAttribute": "resources",
  "url": "https://github.com/Yann-Rousseaux/foundry-vtt-system-shooter-generic-system",
  "manifest": "https://raw.githubusercontent.com/Yann-Rousseaux/foundry-vtt-system-shooter-generic-system/master/system.json",
  "download": "https://github.com/Yann-Rousseaux/foundry-vtt-system-shooter-generic-system/raw/master/archives/foundry-vtt-system-shooter-generic-system.zip",
  "license": "LICENSE.txt"
}
