{
  "name": "shootergenericsystem",
  "title": "Shooter Generic System",
  "description": "The Shooter Generic System system for FoundryVTT!",
  "version": "0.0.1",
  "minimumCoreVersion": "0.5.5",
  "compatibleCoreVersion": "0.6.2",
  "templateVersion": 2,
  "author": "Ian Wheelbuckets",
  "esmodules": ["module/shootergenericsystem.js"],
  "styles": ["css/shootergenericsystem.css"],
  "scripts": [],
  "packs": [],
  "languages": [
    {
      "lang": "en",
      "name": "English",
      "path": "lang/en.json"
    }
  ],
  "gridDistance": 5,
  "gridUnits": "m",
  "primaryTokenAttribute": "health",
  "secondaryTokenAttribute": "resources",
  "url": "",
  "manifest": "",
  "download": "",
  "license": "LICENSE.txt"
}
