{
  "Actor": {
    "types": ["character", "npc"],
    "templates": {
      "base": {
        "identity": {
          "biography": ""
        },
        "health": {
          "value": 6,
          "min": 0,
          "max": 6,
          "label": "Santé"
        },
        "abilities": {
          "act": {
            "value": 0,
            "min": 0,
            "max": 6,
            "label": "Agir"
          },
          "know": {
            "value": 0,
            "min": 0,
            "max": 6,
            "label": "Savoir"
          },
          "endure": {
            "value": 0,
            "min": 0,
            "max": 6,
            "label": "Endurer"
          },
          "force": {
            "value": 0,
            "min": 0,
            "max": 6,
            "label": "Forcer"
          },
          "perceive": {
            "value": 0,
            "min": 0,
            "max": 6,
            "label": "Percevoir"
          },
          "obtrude": {
            "value": 0,
            "min": 0,
            "max": 6,
            "label": "S'imposer"
          },
          "expertise": {
            "value": 0,
            "min": 0,
            "max": 6,
            "label": "Savoir-faire"
          },
          "fight": {
            "value": 0,
            "min": 0,
            "max": 6,
            "label": "Se battre"
          },
          "selfControl": {
            "value": 0,
            "min": 0,
            "max": 6,
            "label": "Se contrôler"
          },
          "target": {
            "value": 0,
            "min": 0,
            "max": 6,
            "label": "Viser"
          }
        }
      }
    },
    "character": {
      "templates": ["base"],
      "resources": {
        "value": 6,
        "min": 0,
        "max": 6,
        "label": "Ressources"
      },
      "specialisation": {
        "specialty1": {
          "name": "",
          "parentAbility": "",
          "value": 0,
          "min": 0,
          "max": 3
        },
        "specialty2": {
          "name": "",
          "parentAbility": "",
          "value": 0,
          "min": 0,
          "max": 3
        },
        "specialty3": {
          "name": "",
          "parentAbility": "",
          "value": 0,
          "min": 0,
          "max": 3
        },
        "specialty4": {
          "name": "",
          "parentAbility": "",
          "value": 0,
          "min": 0,
          "max": 3
        },
        "specialty5": {
          "name": "",
          "parentAbility": "",
          "value": 0,
          "min": 0,
          "max": 3
        },
        "specialty6": {
          "name": "",
          "parentAbility": "",
          "value": 0,
          "min": 0,
          "max": 3
        },
        "specialty7": {
          "name": "",
          "parentAbility": "",
          "value": 0,
          "min": 0,
          "max": 3
        },
        "specialty8": {
          "name": "",
          "parentAbility": "",
          "value": 0,
          "min": 0,
          "max": 3
        },
        "specialty9": {
          "name": "",
          "parentAbility": "",
          "value": 0,
          "min": 0,
          "max": 3
        },
        "specialty10": {
          "name": "",
          "parentAbility": "",
          "value": 0,
          "min": 0,
          "max": 3
        }
      },
      "identity": {
        "outlawPersona": {
          "purpose": "",
          "blackCoffin": "",
          "proof": ""
        },
        "texasMarshalPersona": {
          "firstname": "",
          "lastname": "",
          "keywords": ""
        }
      },
      "experience": {
        "totalGained": 0,
        "currentAmount": 0
      }
    },
    "npc": {
      "templates": ["base"]
    }
  },
  "Item": {
    "types": ["item","weapon"],
    "templates": {
      "base": {
        "description": "",
        "price": 0.0,
        "quantity": 1,
        "weight": 0.0
      }
    },
    "item": {
      "templates": ["base"]
    },
    "weapon": {
      "templates": ["base"],
      "parentAbility": "",
      "damages": 0,
      "capacity": 1
    }
  }
}
